"FlowerTaxonomicName","Site","uniqueObservationPeriod","Week","numberObservedInPeriod","numberMinutes","beeCat","totalVisits","interactionUnit","meanFlowersPerStem","meanInPerStem","meanFlowersPerIn","floralAbundancePer100PerWeek","introducedOrNative"
"Brassica_rapa","Lansing","Lansing_6_DL_SF2_5_Brassica_rapa","6",10,15,"wild",1,"i",14.0958333333333,2,4.9,185.555555555556,"introduced"
"Brassica_rapa","Lansing","Lansing_6_DL_SF2_5_Brassica_rapa","6",10,15,"honeyBees",0,"i",14.0958333333333,2,4.9,185.555555555556,"introduced"
"Brassica_rapa","McDaniels","McDaniels_7_AF_SF2_6_Brassica_rapa","7",35,15,"wild",18,"i",14.0958333333333,2,4.9,20.4444444444444,"introduced"
"Brassica_rapa","McDaniels","McDaniels_7_AF_SF2_6_Brassica_rapa","7",35,15,"honeyBees",0,"i",14.0958333333333,2,4.9,20.4444444444444,"introduced"
"Centaurea_maculosa","Lansing","Lansing_17_TS_SF2_8_Centaurea_maculosa","17",16,15,"honeyBees",32,"i",15.05,1.66071428571429,27.6,63.7991071428571,"introduced"
"Centaurea_maculosa","Lansing","Lansing_19_AF_SF1_8_Centaurea_maculosa","19",13,15,"wild",2,"i",15.05,1.66071428571429,27.6,63.7991071428571,"introduced"
"Centaurea_maculosa","Lansing","Lansing_17_TS_SF2_8_Centaurea_maculosa","17",16,15,"wild",20,"i",15.05,1.66071428571429,27.6,63.7991071428571,"introduced"
"Centaurea_maculosa","Lansing","Lansing_19_AF_SF1_8_Centaurea_maculosa","19",13,15,"honeyBees",28,"i",15.05,1.66071428571429,27.6,63.7991071428571,"introduced"
"Centaurea_maculosa","Lansing","Lansing_21_DL_SF1_6_Centaurea_maculosa","21",25,15,"honeyBees",2,"i",15.05,1.66071428571429,27.6,63.7991071428571,"introduced"
"Centaurea_maculosa","Lansing","Lansing_21_DL_SF1_6_Centaurea_maculosa","21",25,15,"wild",1,"i",15.05,1.66071428571429,27.6,63.7991071428571,"introduced"
"Centaurea_maculosa","McDaniels","McDaniels_19_DL_SF1_6_Centaurea_maculosa","19",38,15,"honeyBees",7,"i",15.05,1.66071428571429,27.6,53.0736607142857,"introduced"
"Centaurea_maculosa","McDaniels","McDaniels_19_DL_SF1_6_Centaurea_maculosa","19",38,15,"wild",0,"i",15.05,1.66071428571429,27.6,53.0736607142857,"introduced"
"Centaurea_maculosa","McDaniels","McDaniels_21_DL_SF1_1_Centaurea_maculosa","21",17,15,"honeyBees",7,"i",15.05,1.66071428571429,27.6,53.0736607142857,"introduced"
"Centaurea_maculosa","McDaniels","McDaniels_17_AF_SF1_8_Centaurea_maculosa","17",10,15,"wild",9,"i",15.05,1.66071428571429,27.6,53.0736607142857,"introduced"
"Centaurea_maculosa","McDaniels","McDaniels_17_AF_SF1_8_Centaurea_maculosa","17",10,15,"honeyBees",28,"i",15.05,1.66071428571429,27.6,53.0736607142857,"introduced"
"Centaurea_maculosa","McDaniels","McDaniels_21_DL_SF1_1_Centaurea_maculosa","21",17,15,"wild",2,"i",15.05,1.66071428571429,27.6,53.0736607142857,"introduced"
"Centaurea_maculosa","Whipple","Whipple_17_DL_SF1_5_Centaurea_maculosa","17",25,15,"wild",28,"i",15.05,1.66071428571429,27.6,63.9375,"introduced"
"Centaurea_maculosa","Whipple","Whipple_21_AF_SF3_5_Centaurea_maculosa","21",10,15,"wild",2,"i",15.05,1.66071428571429,27.6,63.9375,"introduced"
"Centaurea_maculosa","Whipple","Whipple_14_AF_SF1_5_Centaurea_maculosa","14",10,15,"wild",20,"i",15.05,1.66071428571429,27.6,63.9375,"introduced"
"Centaurea_maculosa","Whipple","Whipple_19_AF_SF1_5_Centaurea_maculosa","19",10,15,"honeyBees",19,"i",15.05,1.66071428571429,27.6,63.9375,"introduced"
"Centaurea_maculosa","Whipple","Whipple_17_DL_SF1_5_Centaurea_maculosa","17",25,15,"honeyBees",25,"i",15.05,1.66071428571429,27.6,63.9375,"introduced"
"Centaurea_maculosa","Whipple","Whipple_21_AF_SF3_5_Centaurea_maculosa","21",10,15,"honeyBees",62,"i",15.05,1.66071428571429,27.6,63.9375,"introduced"
"Centaurea_maculosa","Whipple","Whipple_14_AF_SF1_5_Centaurea_maculosa","14",10,15,"honeyBees",0,"i",15.05,1.66071428571429,27.6,63.9375,"introduced"
"Centaurea_maculosa","Whipple","Whipple_19_AF_SF1_5_Centaurea_maculosa","19",10,15,"wild",12,"i",15.05,1.66071428571429,27.6,63.9375,"introduced"
"Cichorium_intybus","Lansing","Lansing_18_AF_SF1_6_Cichorium_intybus","18",8,15,"wild",2,"i",1.5,1,NA,11.2380952380952,"introduced"
"Cichorium_intybus","Lansing","Lansing_14_TS_SF1_6_Cichorium_intybus","14",28,15,"honeyBees",9,"i",1.5,1,NA,11.2380952380952,"introduced"
"Cichorium_intybus","Lansing","Lansing_14_TS_SF1_6_Cichorium_intybus","14",28,15,"wild",28,"i",1.5,1,NA,11.2380952380952,"introduced"
"Cichorium_intybus","Lansing","Lansing_18_AF_SF1_6_Cichorium_intybus","18",8,15,"honeyBees",0,"i",1.5,1,NA,11.2380952380952,"introduced"
"Cichorium_intybus","McDaniels","McDaniels_14_AF_SF1_8_Cichorium_intybus","14",25,15,"wild",38,"i",1.5,1,NA,0.333333333333333,"introduced"
"Cichorium_intybus","McDaniels","McDaniels_14_AF_SF1_8_Cichorium_intybus","14",25,15,"honeyBees",0,"i",1.5,1,NA,0.333333333333333,"introduced"
"Cirsium_arvense","Lansing","Lansing_12_TS_SF2_3_Cirsium_arvense","12",25,15,"wild",28,"i",36.9333333333333,2.42916666666667,36.6,67.2879166666667,"introduced"
"Cirsium_arvense","Lansing","Lansing_12_TS_SF2_3_Cirsium_arvense","12",25,15,"honeyBees",29,"i",36.9333333333333,2.42916666666667,36.6,67.2879166666667,"introduced"
"Cirsium_arvense","McDaniels","McDaniels_17_DL_SF1_6_Cirsium_arvense","17",24,15,"honeyBees",4,"i",36.9333333333333,2.42916666666667,36.6,100.983928571429,"introduced"
"Cirsium_arvense","McDaniels","McDaniels_14_AF_SF2_6_Cirsium_arvense","14",10,15,"honeyBees",8,"i",36.9333333333333,2.42916666666667,36.6,100.983928571429,"introduced"
"Cirsium_arvense","McDaniels","McDaniels_14_AF_SF2_6_Cirsium_arvense","14",10,15,"wild",13,"i",36.9333333333333,2.42916666666667,36.6,100.983928571429,"introduced"
"Cirsium_arvense","McDaniels","McDaniels_19_DL_SF2_6_Cirsium_arvense","19",20,15,"honeyBees",0,"i",36.9333333333333,2.42916666666667,36.6,100.983928571429,"introduced"
"Cirsium_arvense","McDaniels","McDaniels_19_DL_SF2_6_Cirsium_arvense","19",20,15,"wild",1,"i",36.9333333333333,2.42916666666667,36.6,100.983928571429,"introduced"
"Cirsium_arvense","McDaniels","McDaniels_17_DL_SF1_6_Cirsium_arvense","17",24,15,"wild",29,"i",36.9333333333333,2.42916666666667,36.6,100.983928571429,"introduced"
"Cirsium_vulgare","Lansing","Lansing_20_AF_SF1_5_Cirsium_vulgare","20",10,15,"honeyBees",0,"i",NA,1,NA,6.86666666666667,"introduced"
"Cirsium_vulgare","Lansing","Lansing_20_AF_SF1_5_Cirsium_vulgare","20",10,15,"wild",4,"i",NA,1,NA,6.86666666666667,"introduced"
"Clinopodium_vulgare","McDaniels","McDaniels_20_AF_SF3_2_Clinopodium_vulgare","20",32,15,"honeyBees",0,"f",4.62166666666667,3.08333333333333,4.66666666666667,424.633131313131,"native"
"Clinopodium_vulgare","McDaniels","McDaniels_17_AF_SF2_6_Clinopodium_vulgare","17",32,15,"wild",9,"f",4.62166666666667,3.08333333333333,4.66666666666667,424.633131313131,"native"
"Clinopodium_vulgare","McDaniels","McDaniels_20_AF_SF3_2_Clinopodium_vulgare","20",32,15,"wild",0,"f",4.62166666666667,3.08333333333333,4.66666666666667,424.633131313131,"native"
"Clinopodium_vulgare","McDaniels","McDaniels_17_AF_SF2_6_Clinopodium_vulgare","17",32,15,"honeyBees",0,"f",4.62166666666667,3.08333333333333,4.66666666666667,424.633131313131,"native"
"Cornus_racemosa","McDaniels","McDaniels_10_TS_SF1_9_Cornus_racemosa","10",175,15,"honeyBees",1,"i",15,3,5,1,"native"
"Cornus_racemosa","McDaniels","McDaniels_10_TS_SF1_9_Cornus_racemosa","10",175,15,"wild",7,"i",15,3,5,1,"native"
"Cornus_racemosa","McDaniels","McDaniels_10_AF_SF1_9_Cornus_racemosa","10",25,15,"wild",33,"i",15,3,5,1,"native"
"Cornus_racemosa","McDaniels","McDaniels_10_AF_SF1_9_Cornus_racemosa","10",25,15,"honeyBees",0,"i",15,3,5,1,"native"
"Daucus_carota","Lansing","Lansing_17_AF_SF1_2_Daucus_carota","17",10,15,"honeyBees",0,"i",888.333333333333,2.01968344155844,547,237.537213654401,"introduced"
"Daucus_carota","Lansing","Lansing_17_AF_SF1_2_Daucus_carota","17",10,15,"wild",6,"i",888.333333333333,2.01968344155844,547,237.537213654401,"introduced"
"Daucus_carota","Lansing","Lansing_22_PG_SF2_6_Daucus_carota","22",16,15,"wild",0,"i",888.333333333333,2.01968344155844,547,237.537213654401,"introduced"
"Daucus_carota","Lansing","Lansing_22_PG_SF2_6_Daucus_carota","22",16,15,"honeyBees",0,"i",888.333333333333,2.01968344155844,547,237.537213654401,"introduced"
"Daucus_carota","Lansing","Lansing_22_PG_SF3_6_Daucus_carota","22",16,15,"honeyBees",0,"i",888.333333333333,2.01968344155844,547,237.537213654401,"introduced"
"Daucus_carota","Lansing","Lansing_19_DL_SF2_1_Daucus_carota","19",55,15,"wild",2,"i",888.333333333333,2.01968344155844,547,237.537213654401,"introduced"
"Daucus_carota","Lansing","Lansing_19_DL_SF2_1_Daucus_carota","19",55,15,"honeyBees",0,"i",888.333333333333,2.01968344155844,547,237.537213654401,"introduced"
"Daucus_carota","Lansing","Lansing_22_PG_SF3_6_Daucus_carota","22",16,15,"wild",0,"i",888.333333333333,2.01968344155844,547,237.537213654401,"introduced"
"Daucus_carota","McDaniels","McDaniels_14_TS_SF1_8_Daucus_carota","14",11,15,"honeyBees",0,"i",888.333333333333,2.01968344155844,547,129.343893736472,"introduced"
"Daucus_carota","McDaniels","McDaniels_19_AF_SF5_3_Daucus_carota","19",10,15,"honeyBees",0,"i",888.333333333333,2.01968344155844,547,129.343893736472,"introduced"
"Daucus_carota","McDaniels","McDaniels_17_AF_SF1_7_Daucus_carota","17",10,15,"honeyBees",0,"i",888.333333333333,2.01968344155844,547,129.343893736472,"introduced"
"Daucus_carota","McDaniels","McDaniels_19_AF_SF1_8_Daucus_carota","19",10,15,"wild",2,"i",888.333333333333,2.01968344155844,547,129.343893736472,"introduced"
"Daucus_carota","McDaniels","McDaniels_17_AF_SF1_7_Daucus_carota","17",10,15,"wild",14,"i",888.333333333333,2.01968344155844,547,129.343893736472,"introduced"
"Daucus_carota","McDaniels","McDaniels_19_AF_SF5_3_Daucus_carota","19",10,15,"wild",8,"i",888.333333333333,2.01968344155844,547,129.343893736472,"introduced"
"Daucus_carota","McDaniels","McDaniels_19_AF_SF1_8_Daucus_carota","19",10,15,"honeyBees",0,"i",888.333333333333,2.01968344155844,547,129.343893736472,"introduced"
"Daucus_carota","McDaniels","McDaniels_21_DL_SF3_9_Daucus_carota","21",14,15,"wild",1,"i",888.333333333333,2.01968344155844,547,129.343893736472,"introduced"
"Daucus_carota","McDaniels","McDaniels_14_TS_SF1_8_Daucus_carota","14",11,15,"wild",21,"i",888.333333333333,2.01968344155844,547,129.343893736472,"introduced"
"Daucus_carota","McDaniels","McDaniels_21_DL_SF3_9_Daucus_carota","21",14,15,"honeyBees",0,"i",888.333333333333,2.01968344155844,547,129.343893736472,"introduced"
"Daucus_carota","Whipple","Whipple_20_AF_SF3_9_Daucus_carota","20",10,15,"honeyBees",0,"i",888.333333333333,2.01968344155844,547,97.9546469155844,"introduced"
"Daucus_carota","Whipple","Whipple_14_TS_SF2_3_Daucus_carota","14",10,15,"honeyBees",0,"i",888.333333333333,2.01968344155844,547,97.9546469155844,"introduced"
"Daucus_carota","Whipple","Whipple_17_AF_SF2_6_Daucus_carota","17",10,15,"honeyBees",0,"i",888.333333333333,2.01968344155844,547,97.9546469155844,"introduced"
"Daucus_carota","Whipple","Whipple_17_AF_SF2_6_Daucus_carota","17",10,15,"wild",9,"i",888.333333333333,2.01968344155844,547,97.9546469155844,"introduced"
"Daucus_carota","Whipple","Whipple_20_AF_SF3_9_Daucus_carota","20",10,15,"wild",2,"i",888.333333333333,2.01968344155844,547,97.9546469155844,"introduced"
"Daucus_carota","Whipple","Whipple_14_TS_SF2_3_Daucus_carota","14",10,15,"wild",2,"i",888.333333333333,2.01968344155844,547,97.9546469155844,"introduced"
"Dianthus_armeria","Lansing","Lansing_11_TS_SF1_4_Dianthus_armeria","11",11,15,"wild",0,"f",1.42962962962963,1,1,23.9462962962963,"introduced"
"Dianthus_armeria","Lansing","Lansing_11_TS_SF1_4_Dianthus_armeria","11",11,15,"honeyBees",0,"f",1.42962962962963,1,1,23.9462962962963,"introduced"
"Dianthus_armeria","McDaniels","McDaniels_11_TS_SF2_3_Dianthus_armeria","11",8,15,"honeyBees",0,"f",1.42962962962963,1,1,39.4169312169312,"introduced"
"Dianthus_armeria","McDaniels","McDaniels_11_TS_SF2_3_Dianthus_armeria","11",8,15,"wild",1,"f",1.42962962962963,1,1,39.4169312169312,"introduced"
"Dipsacus_fullonum","McDaniels","McDaniels_18_AF_SF1_6_Dipsacus_fullonum","18",10,15,"honeyBees",0,"i",105.5,1.88888888888889,80.3333333333333,19.9907407407407,"introduced"
"Dipsacus_fullonum","McDaniels","McDaniels_18_AF_SF1_6_Dipsacus_fullonum","18",10,15,"wild",1,"i",105.5,1.88888888888889,80.3333333333333,19.9907407407407,"introduced"
"Dipsacus_fullonum","McDaniels","McDaniels_19_DL_SF3_NA_Dipsacus_fullonum","19",10,15,"wild",3,"i",105.5,1.88888888888889,80.3333333333333,19.9907407407407,"introduced"
"Dipsacus_fullonum","McDaniels","McDaniels_19_DL_SF3_NA_Dipsacus_fullonum","19",10,15,"honeyBees",0,"i",105.5,1.88888888888889,80.3333333333333,19.9907407407407,"introduced"
"Dipsacus_fullonum","Whipple","Whipple_19_AF_SF2_1_Dipsacus_fullonum","19",10,15,"wild",13,"i",105.5,1.88888888888889,80.3333333333333,41.3456790123457,"introduced"
"Dipsacus_fullonum","Whipple","Whipple_19_AF_SF2_1_Dipsacus_fullonum","19",10,15,"honeyBees",4,"i",105.5,1.88888888888889,80.3333333333333,41.3456790123457,"introduced"
"Doellingeria_umbellata","Whipple","Whipple_23_AF_SF1_6_Doellingeria_umbellata","23",27,15,"wild",20,"i",313.7,11.3833333333333,17.1,771.031111111111,"native"
"Doellingeria_umbellata","Whipple","Whipple_23_DL_SF1_2_Doellingeria_umbellata","23",10,15,"honeyBees",12,"i",313.7,11.3833333333333,17.1,771.031111111111,"native"
"Doellingeria_umbellata","Whipple","Whipple_17_AF_SF1_6_Doellingeria_umbellata","17",15,15,"wild",8,"i",313.7,11.3833333333333,17.1,771.031111111111,"native"
"Doellingeria_umbellata","Whipple","Whipple_21_AF_SF1_2_Doellingeria_umbellata","21",12,15,"wild",0,"i",313.7,11.3833333333333,17.1,771.031111111111,"native"
"Doellingeria_umbellata","Whipple","Whipple_23_AF_SF1_6_Doellingeria_umbellata","23",27,15,"honeyBees",0,"i",313.7,11.3833333333333,17.1,771.031111111111,"native"
"Doellingeria_umbellata","Whipple","Whipple_17_AF_SF1_6_Doellingeria_umbellata","17",15,15,"honeyBees",0,"i",313.7,11.3833333333333,17.1,771.031111111111,"native"
"Doellingeria_umbellata","Whipple","Whipple_21_AF_SF1_2_Doellingeria_umbellata","21",12,15,"honeyBees",1,"i",313.7,11.3833333333333,17.1,771.031111111111,"native"
"Doellingeria_umbellata","Whipple","Whipple_23_DL_SF1_2_Doellingeria_umbellata","23",10,15,"wild",0,"i",313.7,11.3833333333333,17.1,771.031111111111,"native"
"Erigeron_annuus","Lansing","Lansing_11_DL_SF1_6_Erigeron_annuus","11",12,15,"honeyBees",0,"i",1590.4,7.57073412698413,289.2,527.007214506173,"native"
"Erigeron_annuus","Lansing","Lansing_11_DL_SF1_6_Erigeron_annuus","11",12,15,"wild",1,"i",1590.4,7.57073412698413,289.2,527.007214506173,"native"
"Erigeron_annuus","Lansing","Lansing_18_AF_SF2_8_Erigeron_annuus","18",10,15,"wild",5,"i",1590.4,7.57073412698413,289.2,527.007214506173,"native"
"Erigeron_annuus","Lansing","Lansing_18_AF_SF2_8_Erigeron_annuus","18",10,15,"honeyBees",0,"i",1590.4,7.57073412698413,289.2,527.007214506173,"native"
"Erigeron_annuus","Whipple","Whipple_11_TS_SF2_5_Erigeron_annuus","11",32,15,"honeyBees",0,"i",1590.4,7.57073412698413,289.2,98.8401399911817,"native"
"Erigeron_annuus","Whipple","Whipple_11_TS_SF2_5_Erigeron_annuus","11",32,15,"wild",38,"i",1590.4,7.57073412698413,289.2,98.8401399911817,"native"
"Eutrochium_maculatum","Whipple","Whipple_20_DL_SF3_2_Eutrochium_maculatum","20",13,15,"honeyBees",0,"i",627.025,45.6916666666667,7.4,2117.04722222222,"native"
"Eutrochium_maculatum","Whipple","Whipple_20_DL_SF3_2_Eutrochium_maculatum","20",13,15,"wild",6,"i",627.025,45.6916666666667,7.4,2117.04722222222,"native"
"Fragaria_virginiana","Lansing","Lansing_6_AF_SF2_7_Fragaria_virginiana","6",10,15,"wild",1,"f",1.30208333333333,NA,NA,28.8628472222222,"native"
"Fragaria_virginiana","Lansing","Lansing_6_AF_SF2_7_Fragaria_virginiana","6",10,15,"honeyBees",0,"f",1.30208333333333,NA,NA,28.8628472222222,"native"
"Fragaria_virginiana","McDaniels","McDaniels_5_DL_SF1_6_Fragaria_virginiana","5",16,5,"honeyBees",0,"f",1.30208333333333,NA,NA,60.5034722222222,"native"
"Fragaria_virginiana","McDaniels","McDaniels_5_DL_SF1_6_Fragaria_virginiana","5",16,5,"wild",3,"f",1.30208333333333,NA,NA,60.5034722222222,"native"
"Fragaria_virginiana","Whipple","Whipple_5_AF_SF2_6_Fragaria_virginiana","5",31,10,"honeyBees",0,"f",1.30208333333333,NA,NA,117.621527777778,"native"
"Fragaria_virginiana","Whipple","Whipple_5_AF_SF2_6_Fragaria_virginiana","5",31,10,"wild",1,"f",1.30208333333333,NA,NA,117.621527777778,"native"
"Galium_mollugo","McDaniels","McDaniels_11_PG_SF2_3_Galium_mollugo","11",40,15,"wild",78,"i",94.1516233766234,1,270.383333333333,79.6,"introduced"
"Galium_mollugo","McDaniels","McDaniels_11_PG_SF2_3_Galium_mollugo","11",40,15,"honeyBees",0,"i",94.1516233766234,1,270.383333333333,79.6,"introduced"
"Hieracium_pilosella","Whipple","Whipple_7_AF_SF1_11_Hieracium_pilosella","7",10,15,"honeyBees",0,"i",NA,1,NA,61.6666666666667,"introduced"
"Hieracium_pilosella","Whipple","Whipple_7_AF_SF1_11_Hieracium_pilosella","7",10,15,"wild",6,"i",NA,1,NA,61.6666666666667,"introduced"
"Hieracium_scabrum","Lansing","Lansing_9_DL_SF2_5_Hieracium_scabrum","9",10,15,"honeyBees",0,"i",81.5,2.57651515151515,45.8,322.923232323232,"native"
"Hieracium_scabrum","Lansing","Lansing_19_AF_SF3_5_Hieracium_scabrum","19",10,15,"honeyBees",0,"i",81.5,2.57651515151515,45.8,322.923232323232,"native"
"Hieracium_scabrum","Lansing","Lansing_20_AF_SF2_8_Hieracium_scabrum","20",10,15,"honeyBees",0,"i",81.5,2.57651515151515,45.8,322.923232323232,"native"
"Hieracium_scabrum","Lansing","Lansing_23_AF_SF2_6_Hieracium_scabrum","23",10,15,"honeyBees",7,"i",81.5,2.57651515151515,45.8,322.923232323232,"native"
"Hieracium_scabrum","Lansing","Lansing_19_AF_SF2_5_Hieracium_scabrum","19",10,15,"wild",0,"i",81.5,2.57651515151515,45.8,322.923232323232,"native"
"Hieracium_scabrum","Lansing","Lansing_21_AF_SF1_1_Hieracium_scabrum","21",10,15,"honeyBees",6,"i",81.5,2.57651515151515,45.8,322.923232323232,"native"
"Hieracium_scabrum","Lansing","Lansing_14_AF_SF1_6_Hieracium_scabrum","14",10,15,"honeyBees",4,"i",81.5,2.57651515151515,45.8,322.923232323232,"native"
"Hieracium_scabrum","Lansing","Lansing_20_AF_SF2_8_Hieracium_scabrum","20",10,15,"wild",2,"i",81.5,2.57651515151515,45.8,322.923232323232,"native"
"Hieracium_scabrum","Lansing","Lansing_9_DL_SF2_5_Hieracium_scabrum","9",10,15,"wild",28,"i",81.5,2.57651515151515,45.8,322.923232323232,"native"
"Hieracium_scabrum","Lansing","Lansing_19_AF_SF2_5_Hieracium_scabrum","19",10,15,"honeyBees",0,"i",81.5,2.57651515151515,45.8,322.923232323232,"native"
"Hieracium_scabrum","Lansing","Lansing_21_AF_SF1_1_Hieracium_scabrum","21",10,15,"wild",4,"i",81.5,2.57651515151515,45.8,322.923232323232,"native"
"Hieracium_scabrum","Lansing","Lansing_14_AF_SF1_6_Hieracium_scabrum","14",10,15,"wild",17,"i",81.5,2.57651515151515,45.8,322.923232323232,"native"
"Hieracium_scabrum","Lansing","Lansing_19_AF_SF3_5_Hieracium_scabrum","19",10,15,"wild",4,"i",81.5,2.57651515151515,45.8,322.923232323232,"native"
"Hieracium_scabrum","Lansing","Lansing_17_TS_SF1_2_Hieracium_scabrum","17",14,15,"wild",14,"i",81.5,2.57651515151515,45.8,322.923232323232,"native"
"Hieracium_scabrum","Lansing","Lansing_17_TS_SF1_2_Hieracium_scabrum","17",14,15,"honeyBees",0,"i",81.5,2.57651515151515,45.8,322.923232323232,"native"
"Hieracium_scabrum","Lansing","Lansing_23_AF_SF2_6_Hieracium_scabrum","23",10,15,"wild",0,"i",81.5,2.57651515151515,45.8,322.923232323232,"native"
"Hieracium_scabrum","McDaniels","McDaniels_19_AF_SF2_8_Hieracium_scabrum","19",10,15,"honeyBees",0,"i",81.5,2.57651515151515,45.8,105.901379176379,"native"
"Hieracium_scabrum","McDaniels","McDaniels_19_AF_SF2_8_Hieracium_scabrum","19",10,15,"wild",2,"i",81.5,2.57651515151515,45.8,105.901379176379,"native"
"Hypericum_perforatum","Lansing","Lansing_14_AF_SF2_8_Hypericum_perforatum","14",10,15,"honeyBees",0,"f",3.02083333333333,1,1.5,54.2311507936508,"introduced"
"Hypericum_perforatum","Lansing","Lansing_18_DL_SF1_1_Hypericum_perforatum","18",28,15,"wild",4,"f",3.02083333333333,1,1.5,54.2311507936508,"introduced"
"Hypericum_perforatum","Lansing","Lansing_18_DL_SF1_1_Hypericum_perforatum","18",28,15,"honeyBees",0,"f",3.02083333333333,1,1.5,54.2311507936508,"introduced"
"Hypericum_perforatum","Lansing","Lansing_14_AF_SF2_8_Hypericum_perforatum","14",10,15,"wild",56,"f",3.02083333333333,1,1.5,54.2311507936508,"introduced"
"Leucanthemum_vulgare","Lansing","Lansing_7_AF_SF5_6_Leucanthemum_vulgare","7",7,15,"wild",10,"i",146.1,1.1,291.2,91.025,"introduced"
"Leucanthemum_vulgare","Lansing","Lansing_11_AF_SF3_6_Leucanthemum_vulgare","11",10,15,"wild",2,"i",146.1,1.1,291.2,91.025,"introduced"
"Leucanthemum_vulgare","Lansing","Lansing_11_AF_SF1_6_Leucanthemum_vulgare","11",10,15,"honeyBees",0,"i",146.1,1.1,291.2,91.025,"introduced"
"Leucanthemum_vulgare","Lansing","Lansing_7_AF_SF5_6_Leucanthemum_vulgare","7",7,15,"honeyBees",0,"i",146.1,1.1,291.2,91.025,"introduced"
"Leucanthemum_vulgare","Lansing","Lansing_9_PG_SF2_7_Leucanthemum_vulgare","9",12,15,"wild",5,"i",146.1,1.1,291.2,91.025,"introduced"
"Leucanthemum_vulgare","Lansing","Lansing_9_PG_SF2_7_Leucanthemum_vulgare","9",12,15,"honeyBees",0,"i",146.1,1.1,291.2,91.025,"introduced"
"Leucanthemum_vulgare","Lansing","Lansing_12_TS_SF1_3_Leucanthemum_vulgare","12",11,15,"wild",9,"i",146.1,1.1,291.2,91.025,"introduced"
"Leucanthemum_vulgare","Lansing","Lansing_12_TS_SF1_3_Leucanthemum_vulgare","12",11,15,"honeyBees",0,"i",146.1,1.1,291.2,91.025,"introduced"
"Leucanthemum_vulgare","Lansing","Lansing_11_AF_SF3_6_Leucanthemum_vulgare","11",10,15,"honeyBees",0,"i",146.1,1.1,291.2,91.025,"introduced"
"Leucanthemum_vulgare","Lansing","Lansing_11_AF_SF1_6_Leucanthemum_vulgare","11",10,15,"wild",8,"i",146.1,1.1,291.2,91.025,"introduced"
"Leucanthemum_vulgare","McDaniels","McDaniels_11_PG_SF1_7_Leucanthemum_vulgare","11",30,15,"honeyBees",0,"i",146.1,1.1,291.2,67.9433333333333,"introduced"
"Leucanthemum_vulgare","McDaniels","McDaniels_10_DL_SF1_6_Leucanthemum_vulgare","10",20,15,"honeyBees",0,"i",146.1,1.1,291.2,67.9433333333333,"introduced"
"Leucanthemum_vulgare","McDaniels","McDaniels_11_PG_SF1_7_Leucanthemum_vulgare","11",30,15,"wild",71,"i",146.1,1.1,291.2,67.9433333333333,"introduced"
"Leucanthemum_vulgare","McDaniels","McDaniels_13_TS_SF2_7_Leucanthemum_vulgare","13",11,15,"wild",1,"i",146.1,1.1,291.2,67.9433333333333,"introduced"
"Leucanthemum_vulgare","McDaniels","McDaniels_8_DL_SF2_7_Leucanthemum_vulgare","8",10,15,"wild",2,"i",146.1,1.1,291.2,67.9433333333333,"introduced"
"Leucanthemum_vulgare","McDaniels","McDaniels_8_DL_SF3_7_Leucanthemum_vulgare","8",10,15,"honeyBees",0,"i",146.1,1.1,291.2,67.9433333333333,"introduced"
"Leucanthemum_vulgare","McDaniels","McDaniels_8_DL_SF3_7_Leucanthemum_vulgare","8",10,15,"wild",3,"i",146.1,1.1,291.2,67.9433333333333,"introduced"
"Leucanthemum_vulgare","McDaniels","McDaniels_8_DL_SF2_7_Leucanthemum_vulgare","8",10,15,"honeyBees",0,"i",146.1,1.1,291.2,67.9433333333333,"introduced"
"Leucanthemum_vulgare","McDaniels","McDaniels_13_TS_SF5_7_Leucanthemum_vulgare","13",20,15,"wild",2,"i",146.1,1.1,291.2,67.9433333333333,"introduced"
"Leucanthemum_vulgare","McDaniels","McDaniels_13_TS_SF2_7_Leucanthemum_vulgare","13",11,15,"honeyBees",0,"i",146.1,1.1,291.2,67.9433333333333,"introduced"
"Leucanthemum_vulgare","McDaniels","McDaniels_10_DL_SF1_6_Leucanthemum_vulgare","10",20,15,"wild",9,"i",146.1,1.1,291.2,67.9433333333333,"introduced"
"Leucanthemum_vulgare","McDaniels","McDaniels_13_TS_SF5_7_Leucanthemum_vulgare","13",20,15,"honeyBees",0,"i",146.1,1.1,291.2,67.9433333333333,"introduced"
"Leucanthemum_vulgare","Whipple","Whipple_12_PG_SF1_9_Leucanthemum_vulgare","12",15,15,"wild",10,"i",146.1,1.1,291.2,35.7358974358974,"introduced"
"Leucanthemum_vulgare","Whipple","Whipple_12_PG_SF1_9_Leucanthemum_vulgare","12",15,15,"honeyBees",0,"i",146.1,1.1,291.2,35.7358974358974,"introduced"
"Lotus_corniculatus","Lansing","Lansing_14_AF_SF1_2_Lotus_corniculatus","14",57,15,"honeyBees",3,"f",3.43357753357753,2,4.85714285714286,289.124836417144,"introduced"
"Lotus_corniculatus","Lansing","Lansing_10_DL_SF2_8_Lotus_corniculatus","10",39,15,"wild",0,"f",3.43357753357753,2,4.85714285714286,289.124836417144,"introduced"
"Lotus_corniculatus","Lansing","Lansing_14_AF_SF1_2_Lotus_corniculatus","14",57,15,"wild",0,"f",3.43357753357753,2,4.85714285714286,289.124836417144,"introduced"
"Lotus_corniculatus","Lansing","Lansing_11_DL_SF2_6_Lotus_corniculatus","11",114,15,"wild",0,"f",3.43357753357753,2,4.85714285714286,289.124836417144,"introduced"
"Lotus_corniculatus","Lansing","Lansing_18_DL_SF2_2_Lotus_corniculatus","18",86,15,"honeyBees",0,"f",3.43357753357753,2,4.85714285714286,289.124836417144,"introduced"
"Lotus_corniculatus","Lansing","Lansing_20_DL_SF2_1_Lotus_corniculatus","20",131,15,"honeyBees",0,"f",3.43357753357753,2,4.85714285714286,289.124836417144,"introduced"
"Lotus_corniculatus","Lansing","Lansing_10_DL_SF2_8_Lotus_corniculatus","10",39,15,"honeyBees",0,"f",3.43357753357753,2,4.85714285714286,289.124836417144,"introduced"
"Lotus_corniculatus","Lansing","Lansing_12_AF_SF2_5_Lotus_corniculatus","12",171,15,"honeyBees",1,"f",3.43357753357753,2,4.85714285714286,289.124836417144,"introduced"
"Lotus_corniculatus","Lansing","Lansing_12_AF_SF1_4_Lotus_corniculatus","12",86,15,"honeyBees",0,"f",3.43357753357753,2,4.85714285714286,289.124836417144,"introduced"
"Lotus_corniculatus","Lansing","Lansing_20_DL_SF2_1_Lotus_corniculatus","20",131,15,"wild",0,"f",3.43357753357753,2,4.85714285714286,289.124836417144,"introduced"
"Lotus_corniculatus","Lansing","Lansing_11_DL_SF2_6_Lotus_corniculatus","11",114,15,"honeyBees",0,"f",3.43357753357753,2,4.85714285714286,289.124836417144,"introduced"
"Lotus_corniculatus","Lansing","Lansing_18_DL_SF2_2_Lotus_corniculatus","18",86,15,"wild",0,"f",3.43357753357753,2,4.85714285714286,289.124836417144,"introduced"
"Lotus_corniculatus","Lansing","Lansing_12_AF_SF1_4_Lotus_corniculatus","12",86,15,"wild",0,"f",3.43357753357753,2,4.85714285714286,289.124836417144,"introduced"
"Lotus_corniculatus","Lansing","Lansing_12_AF_SF2_5_Lotus_corniculatus","12",171,15,"wild",8,"f",3.43357753357753,2,4.85714285714286,289.124836417144,"introduced"
"Lotus_corniculatus","McDaniels","McDaniels_8_AF_SF1_9_Lotus_corniculatus","8",39,15,"honeyBees",0,"f",3.43357753357753,2,4.85714285714286,272.315399151113,"introduced"
"Lotus_corniculatus","McDaniels","McDaniels_11_AF_SF4_8_Lotus_corniculatus","11",57,15,"honeyBees",0,"f",3.43357753357753,2,4.85714285714286,272.315399151113,"introduced"
"Lotus_corniculatus","McDaniels","McDaniels_11_AF_SF1_6_Lotus_corniculatus","11",57,15,"honeyBees",0,"f",3.43357753357753,2,4.85714285714286,272.315399151113,"introduced"
"Lotus_corniculatus","McDaniels","McDaniels_10_DL_SF2_6_Lotus_corniculatus","10",100,15,"honeyBees",5,"f",3.43357753357753,2,4.85714285714286,272.315399151113,"introduced"
"Lotus_corniculatus","McDaniels","McDaniels_11_AF_SF1_6_Lotus_corniculatus","11",57,15,"wild",0,"f",3.43357753357753,2,4.85714285714286,272.315399151113,"introduced"
"Lotus_corniculatus","McDaniels","McDaniels_18_DL_SF1_7_Lotus_corniculatus","18",285,15,"honeyBees",0,"f",3.43357753357753,2,4.85714285714286,272.315399151113,"introduced"
"Lotus_corniculatus","McDaniels","McDaniels_8_AF_SF1_9_Lotus_corniculatus","8",39,15,"wild",0,"f",3.43357753357753,2,4.85714285714286,272.315399151113,"introduced"
"Lotus_corniculatus","McDaniels","McDaniels_11_AF_SF3_6_Lotus_corniculatus","11",57,15,"honeyBees",4,"f",3.43357753357753,2,4.85714285714286,272.315399151113,"introduced"
"Lotus_corniculatus","McDaniels","McDaniels_10_DL_SF2_6_Lotus_corniculatus","10",100,15,"wild",1,"f",3.43357753357753,2,4.85714285714286,272.315399151113,"introduced"
"Lotus_corniculatus","McDaniels","McDaniels_18_DL_SF1_7_Lotus_corniculatus","18",285,15,"wild",0,"f",3.43357753357753,2,4.85714285714286,272.315399151113,"introduced"
"Lotus_corniculatus","McDaniels","McDaniels_11_AF_SF3_6_Lotus_corniculatus","11",57,15,"wild",0,"f",3.43357753357753,2,4.85714285714286,272.315399151113,"introduced"
"Lotus_corniculatus","McDaniels","McDaniels_11_AF_SF4_8_Lotus_corniculatus","11",57,15,"wild",0,"f",3.43357753357753,2,4.85714285714286,272.315399151113,"introduced"
"Lotus_corniculatus","Whipple","Whipple_12_PG_SF2_6_Lotus_corniculatus","12",114,15,"wild",13,"f",3.43357753357753,2,4.85714285714286,148.964440687518,"introduced"
"Lotus_corniculatus","Whipple","Whipple_14_AF_SF2_10_Lotus_corniculatus","14",57,15,"honeyBees",0,"f",3.43357753357753,2,4.85714285714286,148.964440687518,"introduced"
"Lotus_corniculatus","Whipple","Whipple_14_AF_SF2_10_Lotus_corniculatus","14",57,15,"wild",16,"f",3.43357753357753,2,4.85714285714286,148.964440687518,"introduced"
"Lotus_corniculatus","Whipple","Whipple_18_AF_SF2_7_Lotus_corniculatus","18",54,15,"honeyBees",0,"f",3.43357753357753,2,4.85714285714286,148.964440687518,"introduced"
"Lotus_corniculatus","Whipple","Whipple_18_AF_SF2_7_Lotus_corniculatus","18",54,15,"wild",5,"f",3.43357753357753,2,4.85714285714286,148.964440687518,"introduced"
"Lotus_corniculatus","Whipple","Whipple_12_PG_SF2_6_Lotus_corniculatus","12",114,15,"honeyBees",0,"f",3.43357753357753,2,4.85714285714286,148.964440687518,"introduced"
"Lychnis_flos-cuculi","McDaniels","McDaniels_9_AF_SF1_2_Lychnis_flos-cuculi","9",65,15,"honeyBees",15,"f",3.83333333333333,NA,NA,340.527777777778,"introduced"
"Lychnis_flos-cuculi","McDaniels","McDaniels_7_PG_SF1_NA_Lychnis_flos-cuculi","7",10,15,"honeyBees",32,"f",3.83333333333333,NA,NA,340.527777777778,"introduced"
"Lychnis_flos-cuculi","McDaniels","McDaniels_7_PG_SF1_NA_Lychnis_flos-cuculi","7",10,15,"wild",17,"f",3.83333333333333,NA,NA,340.527777777778,"introduced"
"Lychnis_flos-cuculi","McDaniels","McDaniels_9_AF_SF1_2_Lychnis_flos-cuculi","9",65,15,"wild",5,"f",3.83333333333333,NA,NA,340.527777777778,"introduced"
"Lychnis_flos-cuculi","Whipple","Whipple_8_PG_SF2_5_Lychnis_flos-cuculi","8",14,15,"honeyBees",0,"f",3.83333333333333,NA,NA,41.7407407407407,"introduced"
"Lychnis_flos-cuculi","Whipple","Whipple_6_PG_SF1_5_Lychnis_flos-cuculi","6",20,5,"wild",1,"f",3.83333333333333,NA,NA,41.7407407407407,"introduced"
"Lychnis_flos-cuculi","Whipple","Whipple_6_PG_SF1_5_Lychnis_flos-cuculi","6",20,5,"honeyBees",0,"f",3.83333333333333,NA,NA,41.7407407407407,"introduced"
"Lychnis_flos-cuculi","Whipple","Whipple_8_PG_SF2_5_Lychnis_flos-cuculi","8",14,15,"wild",30,"f",3.83333333333333,NA,NA,41.7407407407407,"introduced"
"Lycopus_americanus","McDaniels","McDaniels_18_AF_SF2_1_Lycopus_americanus","18",10,15,"honeyBees",0,"i",25.75,11,4.25,480.333333333333,"native"
"Lycopus_americanus","McDaniels","McDaniels_18_AF_SF2_1_Lycopus_americanus","18",10,15,"wild",10,"i",25.75,11,4.25,480.333333333333,"native"
"Lythrum_salicaria","Lansing","Lansing_20_DL_SF1_2_Lythrum_salicaria","20",393,15,"wild",10,"f",24.8125,2.7,19.25,550.010416666667,"introduced"
"Lythrum_salicaria","Lansing","Lansing_12_AF_SF3_3_Lythrum_salicaria","12",192,15,"wild",58,"f",24.8125,2.7,19.25,550.010416666667,"introduced"
"Lythrum_salicaria","Lansing","Lansing_17_DL_SF1_1_Lythrum_salicaria","17",192,15,"honeyBees",35,"f",24.8125,2.7,19.25,550.010416666667,"introduced"
"Lythrum_salicaria","Lansing","Lansing_17_DL_SF1_1_Lythrum_salicaria","17",192,15,"wild",45,"f",24.8125,2.7,19.25,550.010416666667,"introduced"
"Lythrum_salicaria","Lansing","Lansing_12_AF_SF3_3_Lythrum_salicaria","12",192,15,"honeyBees",0,"f",24.8125,2.7,19.25,550.010416666667,"introduced"
"Lythrum_salicaria","Lansing","Lansing_20_DL_SF1_2_Lythrum_salicaria","20",393,15,"honeyBees",5,"f",24.8125,2.7,19.25,550.010416666667,"introduced"
"Lythrum_salicaria","Lansing","Lansing_22_DL_SF2_3_Lythrum_salicaria","22",47,15,"wild",0,"i",24.8125,2.7,19.25,59.85,"introduced"
"Lythrum_salicaria","Lansing","Lansing_22_DL_SF2_3_Lythrum_salicaria","22",47,15,"honeyBees",1,"i",24.8125,2.7,19.25,59.85,"introduced"
"Malva_moschata","McDaniels","McDaniels_13_AF_SF3_8_Malva_moschata","13",15,15,"honeyBees",0,"f",1.44166666666667,1.5,NA,58.4530303030303,"introduced"
"Malva_moschata","McDaniels","McDaniels_13_AF_SF3_8_Malva_moschata","13",15,15,"wild",2,"f",1.44166666666667,1.5,NA,58.4530303030303,"introduced"
"Malva_moschata","McDaniels","McDaniels_11_TS_SF1_6_Malva_moschata","11",6,15,"wild",2,"f",1.44166666666667,1.5,NA,58.4530303030303,"introduced"
"Malva_moschata","McDaniels","McDaniels_11_TS_SF1_6_Malva_moschata","11",6,15,"honeyBees",0,"f",1.44166666666667,1.5,NA,58.4530303030303,"introduced"
"Melilotus_albus","Lansing","Lansing_20_AF_SF3_7_Melilotus_albus","20",10,15,"honeyBees",10,"i",333.4,18,15.2,1026,"introduced"
"Melilotus_albus","Lansing","Lansing_20_AF_SF3_7_Melilotus_albus","20",10,15,"wild",0,"i",333.4,18,15.2,1026,"introduced"
"Melilotus_albus","Lansing","Lansing_17_AF_SF2_5_Melilotus_albus","17",10,15,"honeyBees",1,"i",333.4,18,15.2,1026,"introduced"
"Melilotus_albus","Lansing","Lansing_17_AF_SF2_5_Melilotus_albus","17",10,15,"wild",4,"i",333.4,18,15.2,1026,"introduced"
"Melilotus_officinalis","Lansing","Lansing_19_DL_SF1_3_Melilotus_officinalis","19",25,15,"wild",2,"i",34,5.94444444444444,4.2,147.818518518519,"introduced"
"Melilotus_officinalis","Lansing","Lansing_18_AF_SF3_7_Melilotus_officinalis","18",10,15,"honeyBees",0,"i",34,5.94444444444444,4.2,147.818518518519,"introduced"
"Melilotus_officinalis","Lansing","Lansing_19_DL_SF1_3_Melilotus_officinalis","19",25,15,"honeyBees",4,"i",34,5.94444444444444,4.2,147.818518518519,"introduced"
"Melilotus_officinalis","Lansing","Lansing_18_AF_SF3_7_Melilotus_officinalis","18",10,15,"wild",0,"i",34,5.94444444444444,4.2,147.818518518519,"introduced"
"Melilotus_officinalis","Lansing","Lansing_22_DL_SF1_2_Melilotus_officinalis","22",170,15,"wild",8,"i",34,5.94444444444444,4.2,147.818518518519,"introduced"
"Melilotus_officinalis","Lansing","Lansing_22_DL_SF1_2_Melilotus_officinalis","22",170,15,"honeyBees",7,"i",34,5.94444444444444,4.2,147.818518518519,"introduced"
"Melilotus_officinalis","Whipple","Whipple_17_AF_SF3_5_Melilotus_officinalis","17",10,15,"honeyBees",0,"i",34,5.94444444444444,4.2,149.932098765432,"introduced"
"Melilotus_officinalis","Whipple","Whipple_20_DL_SF1_5_Melilotus_officinalis","20",27,15,"honeyBees",1,"i",34,5.94444444444444,4.2,149.932098765432,"introduced"
"Melilotus_officinalis","Whipple","Whipple_17_AF_SF3_5_Melilotus_officinalis","17",10,15,"wild",5,"i",34,5.94444444444444,4.2,149.932098765432,"introduced"
"Melilotus_officinalis","Whipple","Whipple_20_DL_SF1_5_Melilotus_officinalis","20",27,15,"wild",1,"i",34,5.94444444444444,4.2,149.932098765432,"introduced"
"Mentha_arvensis","McDaniels","McDaniels_21_DL_SF2_6_Mentha_arvensis","21",18,15,"honeyBees",8,"i",142.8,3,42.6,19,"native"
"Mentha_arvensis","McDaniels","McDaniels_21_DL_SF2_6_Mentha_arvensis","21",18,15,"wild",1,"i",142.8,3,42.6,19,"native"
"Monarda_fistulosa","McDaniels","McDaniels_20_AF_SF2_9_Monarda_fistulosa","20",260,15,"honeyBees",0,"f",35.6,3.3,13,1495.2,"native"
"Monarda_fistulosa","McDaniels","McDaniels_17_TS_SF3_7_Monarda_fistulosa","17",285,15,"honeyBees",0,"f",35.6,3.3,13,1495.2,"native"
"Monarda_fistulosa","McDaniels","McDaniels_19_AF_SF4_10_Monarda_fistulosa","19",156,15,"wild",55,"f",35.6,3.3,13,1495.2,"native"
"Monarda_fistulosa","McDaniels","McDaniels_19_AF_SF4_10_Monarda_fistulosa","19",156,15,"honeyBees",0,"f",35.6,3.3,13,1495.2,"native"
"Monarda_fistulosa","McDaniels","McDaniels_17_TS_SF3_7_Monarda_fistulosa","17",285,15,"wild",25,"f",35.6,3.3,13,1495.2,"native"
"Monarda_fistulosa","McDaniels","McDaniels_20_AF_SF2_9_Monarda_fistulosa","20",260,15,"wild",1300,"f",35.6,3.3,13,1495.2,"native"
"Pastinaca_sativa","Lansing","Lansing_10_AF_SF3_2_Pastinaca_sativa","10",15,15,"honeyBees",0,"i",301.444444444444,3.55555555555556,170,119.308641975309,"introduced"
"Pastinaca_sativa","Lansing","Lansing_10_AF_SF3_2_Pastinaca_sativa","10",15,15,"wild",29,"i",301.444444444444,3.55555555555556,170,119.308641975309,"introduced"
"Penstemon_digitalis","Lansing","Lansing_11_PG_SF2_6_Penstemon_digitalis","11",219,15,"wild",17,"f",6.7125,1.66666666666667,7,577.834375,"native"
"Penstemon_digitalis","Lansing","Lansing_10_DL_SF1_2_Penstemon_digitalis","10",33,15,"honeyBees",11,"f",6.7125,1.66666666666667,7,577.834375,"native"
"Penstemon_digitalis","Lansing","Lansing_11_PG_SF2_6_Penstemon_digitalis","11",219,15,"honeyBees",0,"f",6.7125,1.66666666666667,7,577.834375,"native"
"Penstemon_digitalis","Lansing","Lansing_10_DL_SF1_2_Penstemon_digitalis","10",33,15,"wild",19,"f",6.7125,1.66666666666667,7,577.834375,"native"
"Penstemon_digitalis","Whipple","Whipple_10_TS_SF2_5_Penstemon_digitalis","10",100,15,"honeyBees",0,"f",6.7125,1.66666666666667,7,807.7375,"native"
"Penstemon_digitalis","Whipple","Whipple_11_AF_SF1_5_Penstemon_digitalis","11",172,15,"wild",6,"f",6.7125,1.66666666666667,7,807.7375,"native"
"Penstemon_digitalis","Whipple","Whipple_12_AF_SF2_9_Penstemon_digitalis","12",156,15,"honeyBees",0,"f",6.7125,1.66666666666667,7,807.7375,"native"
"Penstemon_digitalis","Whipple","Whipple_12_AF_SF2_9_Penstemon_digitalis","12",156,15,"wild",19,"f",6.7125,1.66666666666667,7,807.7375,"native"
"Penstemon_digitalis","Whipple","Whipple_10_TS_SF2_5_Penstemon_digitalis","10",100,15,"wild",7,"f",6.7125,1.66666666666667,7,807.7375,"native"
"Penstemon_digitalis","Whipple","Whipple_11_AF_SF1_5_Penstemon_digitalis","11",172,15,"honeyBees",0,"f",6.7125,1.66666666666667,7,807.7375,"native"
"Plantago_lanceolata","Lansing","Lansing_7_AF_SF4_6_Plantago_lanceolata","7",5,15,"wild",1,"i",12.2757575757576,1,10.5694444444444,22.8717948717949,"introduced"
"Plantago_lanceolata","Lansing","Lansing_7_AF_SF4_6_Plantago_lanceolata","7",5,15,"honeyBees",0,"i",12.2757575757576,1,10.5694444444444,22.8717948717949,"introduced"
"Potentilla_recta","Lansing","Lansing_11_TS_SF2_6_Potentilla_recta","11",29,15,"honeyBees",0,"f",1.44907407407407,1.33333333333333,1.14285714285714,44.1622574955908,"introduced"
"Potentilla_recta","Lansing","Lansing_10_AF_SF2_6_Potentilla_recta","10",20,15,"honeyBees",0,"f",1.44907407407407,1.33333333333333,1.14285714285714,44.1622574955908,"introduced"
"Potentilla_recta","Lansing","Lansing_10_AF_SF2_6_Potentilla_recta","10",20,15,"wild",16,"f",1.44907407407407,1.33333333333333,1.14285714285714,44.1622574955908,"introduced"
"Potentilla_recta","Lansing","Lansing_11_TS_SF2_6_Potentilla_recta","11",29,15,"wild",4,"f",1.44907407407407,1.33333333333333,1.14285714285714,44.1622574955908,"introduced"
"Potentilla_recta","McDaniels","McDaniels_13_AF_SF2_8_Potentilla_recta","13",10,15,"wild",4,"f",1.44907407407407,1.33333333333333,1.14285714285714,58.5667438271605,"introduced"
"Potentilla_recta","McDaniels","McDaniels_13_AF_SF2_8_Potentilla_recta","13",10,15,"honeyBees",0,"f",1.44907407407407,1.33333333333333,1.14285714285714,58.5667438271605,"introduced"
"Prunella_vulgaris","Whipple","Whipple_12_TS_SF3_5_Prunella_vulgaris","12",32,15,"wild",0,"f",5.7484126984127,1.75,NA,326.265969215969,"native"
"Prunella_vulgaris","Whipple","Whipple_12_TS_SF2_4_Prunella_vulgaris","12",153,15,"honeyBees",0,"f",5.7484126984127,1.75,NA,326.265969215969,"native"
"Prunella_vulgaris","Whipple","Whipple_12_TS_SF3_5_Prunella_vulgaris","12",32,15,"honeyBees",0,"f",5.7484126984127,1.75,NA,326.265969215969,"native"
"Prunella_vulgaris","Whipple","Whipple_17_TS_SF2_5_Prunella_vulgaris","17",12,15,"honeyBees",0,"i",5.7484126984127,1.75,NA,99.3257575757576,"native"
"Prunella_vulgaris","Whipple","Whipple_14_AF_SF3_5_Prunella_vulgaris","14",43,15,"honeyBees",0,"f",5.7484126984127,1.75,NA,326.265969215969,"native"
"Prunella_vulgaris","Whipple","Whipple_14_AF_SF3_5_Prunella_vulgaris","14",43,15,"wild",4,"f",5.7484126984127,1.75,NA,326.265969215969,"native"
"Prunella_vulgaris","Whipple","Whipple_12_TS_SF2_4_Prunella_vulgaris","12",153,15,"wild",2,"f",5.7484126984127,1.75,NA,326.265969215969,"native"
"Prunella_vulgaris","Whipple","Whipple_17_TS_SF2_5_Prunella_vulgaris","17",12,15,"wild",0,"i",5.7484126984127,1.75,NA,99.3257575757576,"native"
"Pycnanthemum_tenuifolium","Whipple","Whipple_17_TS_SF1_3_Pycnanthemum_tenuifolium","17",105,15,"wild",11,"i",9,1.4,9,39.1481481481481,"native"
"Pycnanthemum_tenuifolium","Whipple","Whipple_19_AF_SF3_4_Pycnanthemum_tenuifolium","19",10,15,"honeyBees",0,"i",9,1.4,9,39.1481481481481,"native"
"Pycnanthemum_tenuifolium","Whipple","Whipple_19_AF_SF3_4_Pycnanthemum_tenuifolium","19",10,15,"wild",21,"i",9,1.4,9,39.1481481481481,"native"
"Pycnanthemum_tenuifolium","Whipple","Whipple_17_TS_SF1_3_Pycnanthemum_tenuifolium","17",105,15,"honeyBees",94,"i",9,1.4,9,39.1481481481481,"native"
"Pycnanthemum_tenuifolium","Whipple","Whipple_14_AF_SF4_3_Pycnanthemum_tenuifolium","14",10,15,"wild",10,"i",9,1.4,9,39.1481481481481,"native"
"Pycnanthemum_tenuifolium","Whipple","Whipple_14_AF_SF4_3_Pycnanthemum_tenuifolium","14",10,15,"honeyBees",2,"i",9,1.4,9,39.1481481481481,"native"
"Pycnanthemum_tenuifolium","Whipple","Whipple_21_AF_SF2_3_Pycnanthemum_tenuifolium","21",10,15,"wild",0,"i",9,1.4,9,39.1481481481481,"native"
"Pycnanthemum_tenuifolium","Whipple","Whipple_21_AF_SF2_3_Pycnanthemum_tenuifolium","21",10,15,"honeyBees",0,"i",9,1.4,9,39.1481481481481,"native"
"Ranunculus_acris","Lansing","Lansing_6_DL_SF1_5_Ranunculus_acris","6",10,15,"wild",0,"f",1.76582341269841,1,1.5,62.3924272486773,"introduced"
"Ranunculus_acris","Lansing","Lansing_7_PG_SF3_6_Ranunculus_acris","7",40,15,"honeyBees",0,"f",1.76582341269841,1,1.5,62.3924272486773,"introduced"
"Ranunculus_acris","Lansing","Lansing_9_AF_SF2_8_Ranunculus_acris","9",50,15,"wild",2,"f",1.76582341269841,1,1.5,62.3924272486773,"introduced"
"Ranunculus_acris","Lansing","Lansing_6_DL_SF1_5_Ranunculus_acris","6",10,15,"honeyBees",0,"f",1.76582341269841,1,1.5,62.3924272486773,"introduced"
"Ranunculus_acris","Lansing","Lansing_9_AF_SF2_8_Ranunculus_acris","9",50,15,"honeyBees",0,"f",1.76582341269841,1,1.5,62.3924272486773,"introduced"
"Ranunculus_acris","Lansing","Lansing_7_PG_SF3_6_Ranunculus_acris","7",40,15,"wild",3,"f",1.76582341269841,1,1.5,62.3924272486773,"introduced"
"Ranunculus_acris","McDaniels","McDaniels_8_AF_SF3_7_Ranunculus_acris","8",16,15,"honeyBees",0,"f",1.76582341269841,1,1.5,59.3801402505447,"introduced"
"Ranunculus_acris","McDaniels","McDaniels_9_AF_SF2_2_Ranunculus_acris","9",33,15,"honeyBees",0,"f",1.76582341269841,1,1.5,59.3801402505447,"introduced"
"Ranunculus_acris","McDaniels","McDaniels_8_AF_SF3_7_Ranunculus_acris","8",16,15,"wild",3,"f",1.76582341269841,1,1.5,59.3801402505447,"introduced"
"Ranunculus_acris","McDaniels","McDaniels_5_DL_SF2_6_Ranunculus_acris","5",10,5,"honeyBees",0,"f",1.76582341269841,1,1.5,59.3801402505447,"introduced"
"Ranunculus_acris","McDaniels","McDaniels_9_AF_SF2_2_Ranunculus_acris","9",33,15,"wild",2,"f",1.76582341269841,1,1.5,59.3801402505447,"introduced"
"Ranunculus_acris","McDaniels","McDaniels_5_DL_SF2_6_Ranunculus_acris","5",10,5,"wild",1,"f",1.76582341269841,1,1.5,59.3801402505447,"introduced"
"Ranunculus_acris","Whipple","Whipple_10_TS_SF1_9_Ranunculus_acris","10",45,15,"honeyBees",1,"f",1.76582341269841,1,1.5,88.8105304621849,"introduced"
"Ranunculus_acris","Whipple","Whipple_8_AF_SF1_3_Ranunculus_acris","8",15,15,"honeyBees",0,"f",1.76582341269841,1,1.5,88.8105304621849,"introduced"
"Ranunculus_acris","Whipple","Whipple_9_AF_SF1_9_Ranunculus_acris","9",15,15,"honeyBees",0,"f",1.76582341269841,1,1.5,88.8105304621849,"introduced"
"Ranunculus_acris","Whipple","Whipple_9_AF_SF1_9_Ranunculus_acris","9",15,15,"wild",9,"f",1.76582341269841,1,1.5,88.8105304621849,"introduced"
"Ranunculus_acris","Whipple","Whipple_10_TS_SF1_9_Ranunculus_acris","10",45,15,"wild",19,"f",1.76582341269841,1,1.5,88.8105304621849,"introduced"
"Ranunculus_acris","Whipple","Whipple_13_AF_SF1_8_Ranunculus_acris","13",8,15,"honeyBees",0,"f",1.76582341269841,1,1.5,88.8105304621849,"introduced"
"Ranunculus_acris","Whipple","Whipple_8_AF_SF1_3_Ranunculus_acris","8",15,15,"wild",4,"f",1.76582341269841,1,1.5,88.8105304621849,"introduced"
"Ranunculus_acris","Whipple","Whipple_13_AF_SF1_8_Ranunculus_acris","13",8,15,"wild",25,"f",1.76582341269841,1,1.5,88.8105304621849,"introduced"
"Rosa_multiflora","Lansing","Lansing_9_PG_SF1_6_Rosa_multiflora","9",40,15,"honeyBees",0,"f",18.9333333333333,2,4,6.31111111111111,"introduced"
"Rosa_multiflora","Lansing","Lansing_9_PG_SF1_6_Rosa_multiflora","9",40,15,"wild",157,"f",18.9333333333333,2,4,6.31111111111111,"introduced"
"Rosa_multiflora","McDaniels","McDaniels_10_TS_SF2_9_Rosa_multiflora","10",40,15,"wild",16,"f",18.9333333333333,2,4,703.688888888889,"introduced"
"Rosa_multiflora","McDaniels","McDaniels_7_DL_SF1_6_Rosa_multiflora","7",69,15,"honeyBees",0,"f",18.9333333333333,2,4,703.688888888889,"introduced"
"Rosa_multiflora","McDaniels","McDaniels_7_DL_SF1_6_Rosa_multiflora","7",69,15,"wild",15,"f",18.9333333333333,2,4,703.688888888889,"introduced"
"Rosa_multiflora","McDaniels","McDaniels_10_TS_SF2_9_Rosa_multiflora","10",40,15,"honeyBees",0,"f",18.9333333333333,2,4,703.688888888889,"introduced"
"Rubus_allegheniensis","Lansing","Lansing_7_PG_SF1_8_Rubus_allegheniensis","7",20,15,"wild",35,"f",15,0.7,NA,5,"native"
"Rubus_allegheniensis","Lansing","Lansing_7_PG_SF1_8_Rubus_allegheniensis","7",20,15,"honeyBees",0,"f",15,0.7,NA,5,"native"
"Rubus_allegheniensis","McDaniels","McDaniels_9_AF_SF3_6_Rubus_allegheniensis","9",48,15,"honeyBees",12,"f",15,0.7,NA,727.5,"native"
"Rubus_allegheniensis","McDaniels","McDaniels_8_DL_SF1_7_Rubus_allegheniensis","8",60,15,"wild",2,"f",15,0.7,NA,727.5,"native"
"Rubus_allegheniensis","McDaniels","McDaniels_9_AF_SF3_6_Rubus_allegheniensis","9",48,15,"wild",333,"f",15,0.7,NA,727.5,"native"
"Rubus_allegheniensis","McDaniels","McDaniels_8_DL_SF1_7_Rubus_allegheniensis","8",60,15,"honeyBees",0,"f",15,0.7,NA,727.5,"native"
"Rubus_hispidus","Whipple","Whipple_12_TS_SF1_5_Rubus_hispidus","12",15,15,"honeyBees",0,"f",2.5,1,1,97.5,"native"
"Rubus_hispidus","Whipple","Whipple_12_TS_SF1_5_Rubus_hispidus","12",15,15,"wild",34,"f",2.5,1,1,97.5,"native"
"Rudbeckia_hirta","McDaniels","McDaniels_13_TS_SF1_6_Rudbeckia_hirta","13",10,15,"honeyBees",0,"i",183.2,1.35648148148148,183.2,60.8155864197531,"native"
"Rudbeckia_hirta","McDaniels","McDaniels_13_TS_SF3_6_Rudbeckia_hirta","13",15,15,"honeyBees",0,"i",183.2,1.35648148148148,183.2,60.8155864197531,"native"
"Rudbeckia_hirta","McDaniels","McDaniels_13_TS_SF1_6_Rudbeckia_hirta","13",10,15,"wild",14,"i",183.2,1.35648148148148,183.2,60.8155864197531,"native"
"Rudbeckia_hirta","McDaniels","McDaniels_13_TS_SF3_6_Rudbeckia_hirta","13",15,15,"wild",7,"i",183.2,1.35648148148148,183.2,60.8155864197531,"native"
"Rudbeckia_hirta","Whipple","Whipple_13_TS_SF2_5_Rudbeckia_hirta","13",10,15,"wild",9,"i",183.2,1.35648148148148,183.2,43.2717592592593,"native"
"Rudbeckia_hirta","Whipple","Whipple_13_TS_SF2_5_Rudbeckia_hirta","13",10,15,"honeyBees",0,"i",183.2,1.35648148148148,183.2,43.2717592592593,"native"
"Sisyrinchium_montanum","Whipple","Whipple_8_DL_SF1_1_Sisyrinchium_montanum","8",7,15,"wild",10,"f",1.08,1.2,1,40.86,"native"
"Sisyrinchium_montanum","Whipple","Whipple_8_PG_SF1_3_Sisyrinchium_montanum","8",5,15,"wild",4,"f",1.08,1.2,1,40.86,"native"
"Sisyrinchium_montanum","Whipple","Whipple_8_PG_SF1_3_Sisyrinchium_montanum","8",5,15,"honeyBees",0,"f",1.08,1.2,1,40.86,"native"
"Sisyrinchium_montanum","Whipple","Whipple_8_DL_SF1_1_Sisyrinchium_montanum","8",7,15,"honeyBees",0,"f",1.08,1.2,1,40.86,"native"
"Solidago_graminifolia","Lansing","Lansing_21_DL_SF3_7_Solidago_graminifolia","21",14,15,"wild",0,"i",956.4,45.2514285714286,10.9,4814.752,"native"
"Solidago_graminifolia","Lansing","Lansing_19_AF_SF4_6_Solidago_graminifolia","19",829,15,"honeyBees",0,"i",956.4,45.2514285714286,10.9,4814.752,"native"
"Solidago_graminifolia","Lansing","Lansing_19_AF_SF4_6_Solidago_graminifolia","19",829,15,"wild",7,"i",956.4,45.2514285714286,10.9,4814.752,"native"
"Solidago_graminifolia","Lansing","Lansing_23_AF_SF3_1_Solidago_graminifolia","23",100,15,"wild",0,"i",956.4,45.2514285714286,10.9,4814.752,"native"
"Solidago_graminifolia","Lansing","Lansing_23_AF_SF3_1_Solidago_graminifolia","23",100,15,"honeyBees",0,"i",956.4,45.2514285714286,10.9,4814.752,"native"
"Solidago_graminifolia","Lansing","Lansing_21_DL_SF3_7_Solidago_graminifolia","21",14,15,"honeyBees",5,"i",956.4,45.2514285714286,10.9,4814.752,"native"
"Solidago_graminifolia","McDaniels","McDaniels_20_AF_SF1_6_Solidago_graminifolia","20",200,15,"honeyBees",0,"i",956.4,45.2514285714286,10.9,4404.47238095238,"native"
"Solidago_graminifolia","McDaniels","McDaniels_23_AF_SF1_11_Solidago_graminifolia","23",190,15,"honeyBees",0,"i",956.4,45.2514285714286,10.9,4404.47238095238,"native"
"Solidago_graminifolia","McDaniels","McDaniels_20_AF_SF1_6_Solidago_graminifolia","20",200,15,"wild",2,"i",956.4,45.2514285714286,10.9,4404.47238095238,"native"
"Solidago_graminifolia","McDaniels","McDaniels_23_AF_SF1_11_Solidago_graminifolia","23",190,15,"wild",0,"i",956.4,45.2514285714286,10.9,4404.47238095238,"native"
"Solidago_graminifolia","Whipple","Whipple_23_AD_SF1_3_Solidago_graminifolia","23",70,15,"wild",2,"i",956.4,45.2514285714286,10.9,6688.16114285714,"native"
"Solidago_graminifolia","Whipple","Whipple_23_AD_SF1_3_Solidago_graminifolia","23",70,15,"honeyBees",0,"i",956.4,45.2514285714286,10.9,6688.16114285714,"native"
"Solidago_graminifolia","Whipple","Whipple_19_DL_SF3_9_Solidago_graminifolia","19",20,15,"honeyBees",6,"i",956.4,45.2514285714286,10.9,6688.16114285714,"native"
"Solidago_graminifolia","Whipple","Whipple_19_DL_SF3_9_Solidago_graminifolia","19",20,15,"wild",4,"i",956.4,45.2514285714286,10.9,6688.16114285714,"native"
"Solidago_graminifolia","Whipple","Whipple_20_DL_SF2_5_Solidago_graminifolia","20",14,15,"wild",8,"i",956.4,45.2514285714286,10.9,6688.16114285714,"native"
"Solidago_graminifolia","Whipple","Whipple_20_DL_SF2_5_Solidago_graminifolia","20",14,15,"honeyBees",8,"i",956.4,45.2514285714286,10.9,6688.16114285714,"native"
"Solidago_juncea","Lansing","Lansing_21_DL_SF2_8_Solidago_juncea","21",10,15,"honeyBees",7,"i",9392.95,136.287301587302,18.025,9040.39100529101,"native"
"Solidago_juncea","Lansing","Lansing_21_DL_SF2_8_Solidago_juncea","21",10,15,"wild",1,"i",9392.95,136.287301587302,18.025,9040.39100529101,"native"
"Solidago_juncea","Lansing","Lansing_20_AF_SF4_6_Solidago_juncea","20",170,15,"honeyBees",4,"i",9392.95,136.287301587302,18.025,9040.39100529101,"native"
"Solidago_juncea","Lansing","Lansing_20_AF_SF4_6_Solidago_juncea","20",170,15,"wild",76,"i",9392.95,136.287301587302,18.025,9040.39100529101,"native"
"Solidago_juncea","McDaniels","McDaniels_20_DL_SF2_10_Solidago_juncea","20",18,15,"honeyBees",3,"i",9392.95,136.287301587302,18.025,4696.23326719577,"native"
"Solidago_juncea","McDaniels","McDaniels_21_AF_SF3_11_Solidago_juncea","21",560,15,"honeyBees",0,"i",9392.95,136.287301587302,18.025,4696.23326719577,"native"
"Solidago_juncea","McDaniels","McDaniels_18_DL_SF2_11_Solidago_juncea","18",5131,15,"honeyBees",0,"i",9392.95,136.287301587302,18.025,4696.23326719577,"native"
"Solidago_juncea","McDaniels","McDaniels_20_DL_SF2_10_Solidago_juncea","20",18,15,"wild",4,"i",9392.95,136.287301587302,18.025,4696.23326719577,"native"
"Solidago_juncea","McDaniels","McDaniels_21_AF_SF3_11_Solidago_juncea","21",560,15,"wild",1,"i",9392.95,136.287301587302,18.025,4696.23326719577,"native"
"Solidago_juncea","McDaniels","McDaniels_18_DL_SF2_11_Solidago_juncea","18",5131,15,"wild",2,"i",9392.95,136.287301587302,18.025,4696.23326719577,"native"
"Solidago_juncea","Whipple","Whipple_21_DL_SF1_9_Solidago_juncea","21",4341,15,"honeyBees",2,"i",9392.95,136.287301587302,18.025,10578.4905517763,"native"
"Solidago_juncea","Whipple","Whipple_18_AF_SF1_9_Solidago_juncea","18",350,15,"honeyBees",0,"i",9392.95,136.287301587302,18.025,10578.4905517763,"native"
"Solidago_juncea","Whipple","Whipple_19_DL_SF2_8_Solidago_juncea","19",39,15,"honeyBees",2,"i",9392.95,136.287301587302,18.025,10578.4905517763,"native"
"Solidago_juncea","Whipple","Whipple_21_DL_SF1_9_Solidago_juncea","21",4341,15,"wild",1,"i",9392.95,136.287301587302,18.025,10578.4905517763,"native"
"Solidago_juncea","Whipple","Whipple_19_DL_SF2_8_Solidago_juncea","19",39,15,"wild",3,"i",9392.95,136.287301587302,18.025,10578.4905517763,"native"
"Solidago_juncea","Whipple","Whipple_20_AF_SF4_7_Solidago_juncea","20",450,15,"wild",2,"i",9392.95,136.287301587302,18.025,10578.4905517763,"native"
"Solidago_juncea","Whipple","Whipple_18_AF_SF1_9_Solidago_juncea","18",350,15,"wild",2,"i",9392.95,136.287301587302,18.025,10578.4905517763,"native"
"Solidago_juncea","Whipple","Whipple_20_AF_SF4_7_Solidago_juncea","20",450,15,"honeyBees",1,"i",9392.95,136.287301587302,18.025,10578.4905517763,"native"
"Solidago_nemoralis","McDaniels","McDaniels_23_AF_SF2_4_Solidago_nemoralis","23",590,15,"honeyBees",270,"i",1514.3,76.4166666666667,11.7,3031.19444444444,"native"
"Solidago_nemoralis","McDaniels","McDaniels_21_AF_SF1_8_Solidago_nemoralis","21",80,15,"honeyBees",0,"i",1514.3,76.4166666666667,11.7,3031.19444444444,"native"
"Solidago_nemoralis","McDaniels","McDaniels_21_AF_SF1_8_Solidago_nemoralis","21",80,15,"wild",1,"i",1514.3,76.4166666666667,11.7,3031.19444444444,"native"
"Solidago_nemoralis","McDaniels","McDaniels_23_AF_SF2_4_Solidago_nemoralis","23",590,15,"wild",1351,"i",1514.3,76.4166666666667,11.7,3031.19444444444,"native"
"Solidago_nemoralis","Whipple","Whipple_21_DL_SF2_12_Solidago_nemoralis","21",1216,15,"honeyBees",21,"i",1514.3,76.4166666666667,11.7,3948.19444444445,"native"
"Solidago_nemoralis","Whipple","Whipple_21_DL_SF2_12_Solidago_nemoralis","21",1216,15,"wild",0,"i",1514.3,76.4166666666667,11.7,3948.19444444445,"native"
"Solidago_rugosa","Lansing","Lansing_21_AF_SF2_2_Solidago_rugosa","21",170,15,"honeyBees",80,"i",2521.3,96.6842592592593,13.3,10764.1808641975,"native"
"Solidago_rugosa","Lansing","Lansing_21_AF_SF2_2_Solidago_rugosa","21",170,15,"wild",1,"i",2521.3,96.6842592592593,13.3,10764.1808641975,"native"
"Solidago_rugosa","Lansing","Lansing_23_AF_SF1_8_Solidago_rugosa","23",490,15,"wild",7,"i",2521.3,96.6842592592593,13.3,10764.1808641975,"native"
"Solidago_rugosa","Lansing","Lansing_22_PG_SF1_7_Solidago_rugosa","22",20,15,"honeyBees",0,"i",2521.3,96.6842592592593,13.3,10764.1808641975,"native"
"Solidago_rugosa","Lansing","Lansing_23_AF_SF1_8_Solidago_rugosa","23",490,15,"honeyBees",10,"i",2521.3,96.6842592592593,13.3,10764.1808641975,"native"
"Solidago_rugosa","Lansing","Lansing_22_PG_SF1_7_Solidago_rugosa","22",20,15,"wild",0,"i",2521.3,96.6842592592593,13.3,10764.1808641975,"native"
"Solidago_rugosa","McDaniels","McDaniels_23_DL_SF2_1_Solidago_rugosa","23",1699,15,"honeyBees",1,"i",2521.3,96.6842592592593,13.3,8330.96033950617,"native"
"Solidago_rugosa","McDaniels","McDaniels_23_DL_SF2_1_Solidago_rugosa","23",1699,15,"wild",4,"i",2521.3,96.6842592592593,13.3,8330.96033950617,"native"
"Solidago_rugosa","Whipple","Whipple_23_AF_SF2_10_Solidago_rugosa","23",1600,15,"honeyBees",2,"i",2521.3,96.6842592592593,13.3,10683.6106481481,"native"
"Solidago_rugosa","Whipple","Whipple_23_AF_SF2_10_Solidago_rugosa","23",1600,15,"wild",0,"i",2521.3,96.6842592592593,13.3,10683.6106481481,"native"
"Solidago_rugosa","Whipple","Whipple_17_DL_SF2_5_Solidago_rugosa","17",1189,15,"wild",2,"i",2521.3,96.6842592592593,13.3,10683.6106481481,"native"
"Solidago_rugosa","Whipple","Whipple_17_DL_SF2_5_Solidago_rugosa","17",1189,15,"honeyBees",0,"i",2521.3,96.6842592592593,13.3,10683.6106481481,"native"
"Stellaria_pubera","McDaniels","McDaniels_8_AF_SF1_7_Stellaria_pubera","8",40,15,"wild",4,"f",2.1275641025641,13.75,1,133.516467236467,"native"
"Stellaria_pubera","McDaniels","McDaniels_8_AF_SF1_7_Stellaria_pubera","8",40,15,"honeyBees",0,"f",2.1275641025641,13.75,1,133.516467236467,"native"
"Stellaria_pubera","Whipple","Whipple_8_DL_SF2_1_Stellaria_pubera","8",16,15,"honeyBees",0,"f",2.1275641025641,13.75,1,83.9993827160494,"native"
"Stellaria_pubera","Whipple","Whipple_8_DL_SF2_1_Stellaria_pubera","8",16,15,"wild",5,"f",2.1275641025641,13.75,1,83.9993827160494,"native"
"Symphyotrichum_ericoides","Lansing","Lansing_23_AD_SF1_1_Symphyotrichum_ericoides","23",200,15,"wild",1,"i",327.358333333333,10.5916666666667,35.5,225.955555555556,"native"
"Symphyotrichum_ericoides","Lansing","Lansing_23_AD_SF1_1_Symphyotrichum_ericoides","23",200,15,"honeyBees",0,"i",327.358333333333,10.5916666666667,35.5,225.955555555556,"native"
"Symphyotrichum_ericoides","McDaniels","McDaniels_23_AF_SF3_7_Symphyotrichum_ericoides","23",45,15,"wild",2,"i",327.358333333333,10.5916666666667,35.5,490.747222222222,"native"
"Symphyotrichum_ericoides","McDaniels","McDaniels_23_AF_SF3_7_Symphyotrichum_ericoides","23",45,15,"honeyBees",0,"i",327.358333333333,10.5916666666667,35.5,490.747222222222,"native"
"Symphyotrichum_lateriflorum","McDaniels","McDaniels_21_AF_SF2_10_Symphyotrichum_lateriflorum","21",30,15,"honeyBees",0,"i",1393.4,23.9722222222222,21.6,986.856481481482,"native"
"Symphyotrichum_lateriflorum","McDaniels","McDaniels_23_DL_SF1_5_Symphyotrichum_lateriflorum","23",515,15,"wild",10,"i",1393.4,23.9722222222222,21.6,986.856481481482,"native"
"Symphyotrichum_lateriflorum","McDaniels","McDaniels_23_DL_SF1_5_Symphyotrichum_lateriflorum","23",515,15,"honeyBees",0,"i",1393.4,23.9722222222222,21.6,986.856481481482,"native"
"Symphyotrichum_lateriflorum","McDaniels","McDaniels_21_AF_SF2_10_Symphyotrichum_lateriflorum","21",30,15,"wild",0,"i",1393.4,23.9722222222222,21.6,986.856481481482,"native"
"Symphyotrichum_lateriflorum","Whipple","Whipple_21_DL_SF3_10_Symphyotrichum_lateriflorum","21",70,15,"wild",7,"i",1393.4,23.9722222222222,21.6,447.481481481481,"native"
"Symphyotrichum_lateriflorum","Whipple","Whipple_20_AF_SF2_8_Symphyotrichum_lateriflorum","20",36,15,"honeyBees",0,"i",1393.4,23.9722222222222,21.6,447.481481481481,"native"
"Symphyotrichum_lateriflorum","Whipple","Whipple_20_AF_SF1_8_Symphyotrichum_lateriflorum","20",25,15,"wild",4,"i",1393.4,23.9722222222222,21.6,447.481481481481,"native"
"Symphyotrichum_lateriflorum","Whipple","Whipple_20_AF_SF2_8_Symphyotrichum_lateriflorum","20",36,15,"wild",0,"i",1393.4,23.9722222222222,21.6,447.481481481481,"native"
"Symphyotrichum_lateriflorum","Whipple","Whipple_21_DL_SF3_10_Symphyotrichum_lateriflorum","21",70,15,"honeyBees",13,"i",1393.4,23.9722222222222,21.6,447.481481481481,"native"
"Symphyotrichum_lateriflorum","Whipple","Whipple_20_AF_SF1_8_Symphyotrichum_lateriflorum","20",25,15,"honeyBees",0,"i",1393.4,23.9722222222222,21.6,447.481481481481,"native"
"Symphyotrichum_lateriflorum","Whipple","Whipple_23_AF_SF1_8_Symphyotrichum_lateriflorum","23",30,15,"honeyBees",0,"i",1393.4,23.9722222222222,21.6,447.481481481481,"native"
"Symphyotrichum_lateriflorum","Whipple","Whipple_23_AF_SF1_8_Symphyotrichum_lateriflorum","23",30,15,"wild",0,"i",1393.4,23.9722222222222,21.6,447.481481481481,"native"
"Taraxacum_officinale","Lansing","Lansing_7_AF_SF2_4_Taraxacum_officinale","7",10,15,"wild",7,"i",1,1,NA,34.4166666666667,"introduced"
"Taraxacum_officinale","Lansing","Lansing_7_AF_SF2_4_Taraxacum_officinale","7",10,15,"honeyBees",0,"i",1,1,NA,34.4166666666667,"introduced"
"Taraxacum_officinale","McDaniels","McDaniels_5_AF_SF1_6_Taraxacum_officinale","5",17,5,"honeyBees",0,"i",1,1,NA,77.3333333333333,"introduced"
"Taraxacum_officinale","McDaniels","McDaniels_5_AF_SF1_6_Taraxacum_officinale","5",17,5,"wild",2,"i",1,1,NA,77.3333333333333,"introduced"
"Trifolium_aureum","McDaniels","McDaniels_10_AF_SF3_8_Trifolium_aureum","10",15,15,"honeyBees",0,"i",83.4,4.11363636363636,20.5,96.746632996633,"introduced"
"Trifolium_aureum","McDaniels","McDaniels_13_AF_SF1_8_Trifolium_aureum","13",30,15,"wild",1,"i",83.4,4.11363636363636,20.5,96.746632996633,"introduced"
"Trifolium_aureum","McDaniels","McDaniels_13_AF_SF1_8_Trifolium_aureum","13",30,15,"honeyBees",0,"i",83.4,4.11363636363636,20.5,96.746632996633,"introduced"
"Trifolium_aureum","McDaniels","McDaniels_10_AF_SF3_8_Trifolium_aureum","10",15,15,"wild",5,"i",83.4,4.11363636363636,20.5,96.746632996633,"introduced"
"Trifolium_pratense","McDaniels","McDaniels_19_AF_SF3_8_Trifolium_pratense","19",15,15,"honeyBees",0,"i",111.25,2.12435897435897,57.5,145.382412886259,"introduced"
"Trifolium_pratense","McDaniels","McDaniels_19_AF_SF3_8_Trifolium_pratense","19",15,15,"wild",0,"i",111.25,2.12435897435897,57.5,145.382412886259,"introduced"
"Trifolium_repens","Lansing","Lansing_11_AF_SF2_6_Trifolium_repens","11",10,15,"honeyBees",0,"i",11,1.47321428571429,28,81.0267857142857,"introduced"
"Trifolium_repens","Lansing","Lansing_14_AF_SF2_7_Trifolium_repens","14",20,15,"honeyBees",5,"i",11,1.47321428571429,28,81.0267857142857,"introduced"
"Trifolium_repens","Lansing","Lansing_11_AF_SF2_6_Trifolium_repens","11",10,15,"wild",3,"i",11,1.47321428571429,28,81.0267857142857,"introduced"
"Trifolium_repens","Lansing","Lansing_10_AF_SF1_3_Trifolium_repens","10",40,15,"wild",0,"i",11,1.47321428571429,28,81.0267857142857,"introduced"
"Trifolium_repens","Lansing","Lansing_14_AF_SF2_7_Trifolium_repens","14",20,15,"wild",0,"i",11,1.47321428571429,28,81.0267857142857,"introduced"
"Trifolium_repens","Lansing","Lansing_10_AF_SF1_3_Trifolium_repens","10",40,15,"honeyBees",0,"i",11,1.47321428571429,28,81.0267857142857,"introduced"
"Trifolium_repens","McDaniels","McDaniels_8_AF_SF2_8_Trifolium_repens","8",15,15,"wild",13,"i",11,1.47321428571429,28,81.8616071428571,"introduced"
"Trifolium_repens","McDaniels","McDaniels_8_AF_SF2_8_Trifolium_repens","8",15,15,"honeyBees",0,"i",11,1.47321428571429,28,81.8616071428571,"introduced"
"Trifolium_repens","Whipple","Whipple_11_AF_SF2_5_Trifolium_repens","11",20,15,"wild",1,"i",11,1.47321428571429,28,71.9196428571429,"introduced"
"Trifolium_repens","Whipple","Whipple_11_AF_SF2_5_Trifolium_repens","11",20,15,"honeyBees",0,"i",11,1.47321428571429,28,71.9196428571429,"introduced"
"Veronica_persica","Lansing","Lansing_6_PG_SF1_7_Veronica_persica","6",50,15,"honeyBees",0,"f",2.5,NA,NA,123.333333333333,"introduced"
"Veronica_persica","Lansing","Lansing_6_PG_SF1_7_Veronica_persica","6",50,15,"wild",21,"f",2.5,NA,NA,123.333333333333,"introduced"
"Veronica_persica","Lansing","Lansing_7_DL_SF1_8_Veronica_persica","7",40,15,"honeyBees",0,"f",2.5,NA,NA,123.333333333333,"introduced"
"Veronica_persica","Lansing","Lansing_7_DL_SF1_8_Veronica_persica","7",40,15,"wild",15,"f",2.5,NA,NA,123.333333333333,"introduced"
"Veronica_persica","Whipple","Whipple_6_PG_SF2_11_Veronica_persica","6",50,5,"honeyBees",0,"f",2.5,NA,NA,37.1666666666667,"introduced"
"Veronica_persica","Whipple","Whipple_6_PG_SF2_11_Veronica_persica","6",50,5,"wild",14,"f",2.5,NA,NA,37.1666666666667,"introduced"
"Veronica_serpyllifolia","Whipple","Whipple_7_PG_SF1_11_Veronica_serpyllifolia","7",103,15,"honeyBees",0,"f",2.2,NA,NA,61.7466666666667,"both"
"Veronica_serpyllifolia","Whipple","Whipple_7_PG_SF1_11_Veronica_serpyllifolia","7",103,15,"wild",55,"f",2.2,NA,NA,61.7466666666667,"both"
"Vicia_cracca","Whipple","Whipple_10_TS_SF3_5_Vicia_cracca","10",133,15,"honeyBees",0,"f",42.8,2.8,12,1419.53333333333,"introduced"
"Vicia_cracca","Whipple","Whipple_11_TS_SF1_8_Vicia_cracca","11",280,15,"honeyBees",0,"f",42.8,2.8,12,1419.53333333333,"introduced"
"Vicia_cracca","Whipple","Whipple_13_TS_SF1_5_Vicia_cracca","13",104,15,"honeyBees",0,"f",42.8,2.8,12,1419.53333333333,"introduced"
"Vicia_cracca","Whipple","Whipple_10_TS_SF3_5_Vicia_cracca","10",133,15,"wild",1,"f",42.8,2.8,12,1419.53333333333,"introduced"
"Vicia_cracca","Whipple","Whipple_11_TS_SF1_8_Vicia_cracca","11",280,15,"wild",0,"f",42.8,2.8,12,1419.53333333333,"introduced"
"Vicia_cracca","Whipple","Whipple_13_TS_SF1_5_Vicia_cracca","13",104,15,"wild",0,"f",42.8,2.8,12,1419.53333333333,"introduced"
"Vicia_tetrasperma","Lansing","Lansing_7_PG_SF2_7_Vicia_tetrasperma","7",10,15,"honeyBees",0,"f",2.03055555555556,13.9583333333333,1.66666666666667,92.6245726495726,"introduced"
"Vicia_tetrasperma","Lansing","Lansing_9_AF_SF1_8_Vicia_tetrasperma","9",40,15,"honeyBees",0,"f",2.03055555555556,13.9583333333333,1.66666666666667,92.6245726495726,"introduced"
"Vicia_tetrasperma","Lansing","Lansing_7_PG_SF2_7_Vicia_tetrasperma","7",10,15,"wild",0,"f",2.03055555555556,13.9583333333333,1.66666666666667,92.6245726495726,"introduced"
"Vicia_tetrasperma","Lansing","Lansing_9_AF_SF1_8_Vicia_tetrasperma","9",40,15,"wild",3,"f",2.03055555555556,13.9583333333333,1.66666666666667,92.6245726495726,"introduced"
